{
    "r2": 0.7987371700561234,
    "mae": 6.101364515284769,
    "rmse": 9.218331698829067,
    "accuracy": 0.835820895522388,
    "precision_macro": 0.849120314369511,
    "recall_macro": 0.8358208955223881,
    "f1_macro": 0.8342564988989661,
    "kappa": 0.7537313432835822
}